,시도명,시군구명,상호명,지점명,경도,위도,도로명주소,ID,커피빈 매장수,브랜드명
0,서울특별시,강남구,커피빈코리아선릉로93길점,코리아선릉로93길점,127.047883157395,37.505675040057994,서울특별시 강남구 선릉로93길 6,서울 강남,1,커피빈
1,서울특별시,서초구,커피빈,코리아교대점,127.014217033954,37.492387659064704,서울특별시 서초구 서초중앙로 118,서울 서초,1,커피빈
2,서울특별시,종로구,커피빈,코리아대학로대명거리점,127.000170846364,37.5831492497775,서울특별시 종로구 대명길 25,서울 종로,1,커피빈
3,서울특별시,강남구,커피빈,코리아선릉역점,127.04822290823499,37.5047496908904,서울특별시 강남구 테헤란로 335,서울 강남,1,커피빈
4,서울특별시,영등포구,커피빈,코리아현대자동차여의도점,126.92727701435699,37.524878809187605,서울특별시 영등포구 국제금융로 20,서울 영등포,1,커피빈
5,서울특별시,강남구,커피빈코리아강남역먹자골목점,코리아강남역먹자골목점,127.027279995112,37.500100847200606,서울특별시 강남구 테헤란로1길 29,서울 강남,1,커피빈
6,서울특별시,서대문구,커피빈,코리아신촌현대백화점점,126.93582782049101,37.556069154454,서울특별시 서대문구 신촌로 83,서울 서대문,1,커피빈
7,서울특별시,강남구,커피빈,코리아강남역랭기지타워점,127.030074547889,37.4965196043765,서울특별시 강남구 테헤란로4길 28,서울 강남,1,커피빈
8,서울특별시,강남구,커피빈,코리아청담성당점,127.05002149174601,37.5199018862561,서울특별시 강남구 삼성로 716,서울 강남,1,커피빈
9,서울특별시,강남구,커피빈,코리아청담에스점,127.04721583976101,37.5252495612624,서울특별시 강남구 압구정로 461,서울 강남,1,커피빈
10,서울특별시,강남구,커피빈,코리아역삼역4번출구점,127.034884401544,37.50064077948029,서울특별시 강남구 테헤란로 143,서울 강남,1,커피빈
11,서울특별시,광진구,커피빈,광장동대한제지점,127.102911969818,37.544130344049,서울특별시 광진구 아차산로 563,서울 광진,1,커피빈
12,서울특별시,중구,커피빈,코리아명동증권빌딩점,126.983952741813,37.564341196302706,서울특별시 중구 명동7길 13,서울 중구,1,커피빈
13,서울특별시,강남구,커피빈,코리아대치은마점,127.068806483655,37.497561118625995,서울특별시 강남구 영동대로 211,서울 강남,1,커피빈
14,서울특별시,강남구,커피빈,코리아대치한티점,127.05415180863999,37.498291685952,서울특별시 강남구 선릉로64길 23,서울 강남,1,커피빈
15,서울특별시,서초구,커피빈,코리아삼성생명강남사옥점,127.025683828146,37.4967357683727,서울특별시 서초구 서초대로74길 4,서울 서초,1,커피빈
16,서울특별시,강남구,커피빈,코리아공항터미널2호점,127.059426824816,37.509624041536796,서울특별시 강남구 테헤란로87길 22,서울 강남,1,커피빈
17,서울특별시,서초구,커피빈코리아서초우성아파트앞점,코리아서초우성아파트앞점,127.028336934523,37.492720890857704,서울특별시 서초구 사임당로 171,서울 서초,1,커피빈
18,서울특별시,강남구,커피빈코리아강남구청앞점,코리아강남구청앞점,127.04661269709699,37.5184147126149,서울특별시 강남구 학동로 423,서울 강남,1,커피빈
19,서울특별시,서대문구,커피빈,코리아신촌대로점,126.93855689045,37.5559675754759,서울특별시 서대문구 신촌로 113,서울 서대문,1,커피빈
20,서울특별시,강남구,커피빈,코리아테헤란로비젼타워점,127.045033948395,37.5029308525436,서울특별시 강남구 테헤란로 312,서울 강남,1,커피빈
21,서울특별시,관악구,커피빈코리아신림점,코리아신림점,126.930369254436,37.4826026900191,서울특별시 관악구 신림로 318,서울 관악,1,커피빈
22,서울특별시,강남구,커피빈코리아신사점,코리아신사점,127.02238935035,37.5169552228844,서울특별시 강남구 도산대로 126,서울 강남,1,커피빈
23,서울특별시,서초구,커피빈,코리아서초우성점,127.030244120753,37.4912768507143,서울특별시 서초구 강남대로51길 1,서울 서초,1,커피빈
24,서울특별시,양천구,커피빈,코리아목동점,126.875752563272,37.5281659049786,서울특별시 양천구 목동동로 293,서울 양천,1,커피빈
25,서울특별시,강남구,커피빈,코리아테헤란로하이닉스뒷점,127.05314307701299,37.504735168954,서울특별시 강남구 테헤란로70길 12,서울 강남,1,커피빈
26,서울특별시,서초구,커피빈,코리아강남에스점,127.02579578825001,37.500304869454006,서울특별시 서초구 강남대로 423,서울 서초,1,커피빈
27,서울특별시,성북구,커피빈,코리아고대안암역점,127.029558656269,37.5869806658445,서울특별시 성북구 개운사길 8,서울 성북,1,커피빈
28,서울특별시,서대문구,커피빈,코리아신촌점,126.93728406837499,37.556334562389104,서울특별시 서대문구 연세로 8-1,서울 서대문,1,커피빈
29,서울특별시,용산구,커피빈코리아이태원점,코리아이태원점,126.994898468403,37.5348445682058,서울특별시 용산구 이태원로 189,서울 용산,1,커피빈
30,서울특별시,중구,커피빈,코리아시청역7번출구점,126.97715929531799,37.5636518048491,서울특별시 중구 세종대로 84,서울 중구,1,커피빈
31,서울특별시,강남구,커피빈,차병원사거리점,127.03464470425199,37.5078382482953,서울특별시 강남구 봉은사로 207,서울 강남,1,커피빈
32,서울특별시,은평구,커피빈치,-,126.921048245303,37.5983197298652,서울특별시 은평구 응암로 302-1,서울 은평,1,커피빈
33,서울특별시,구로구,커피빈,코리아구로지밸리몰점,126.89652780139,37.4849135072657,서울특별시 구로구 디지털로 300,서울 구로,1,커피빈
34,서울특별시,강남구,커피빈,코리아논현동수면세터점,127.029517689597,37.5159507677051,서울특별시 강남구 논현로 717,서울 강남,1,커피빈
35,서울특별시,영등포구,커피빈,-,126.887489608661,37.52479904097871,서울특별시 영등포구 영등포로9길 46,서울 영등포,1,커피빈
36,서울특별시,강동구,커피빈,코리아현대자동차성내점,127.133218679549,37.5351929599763,서울특별시 강동구 천호대로 1096,서울 강동,1,커피빈
37,서울특별시,관악구,커피빈코리아낙성대역점,코리아낙성대역점,126.96159324063801,37.4781056688261,서울특별시 관악구 남부순환로 1909,서울 관악,1,커피빈
38,서울특별시,강남구,커피빈,코리아역삼포스틸타워뒷점,127.03412419342101,37.4990757403139,서울특별시 강남구 테헤란로20길 10,서울 강남,1,커피빈
39,서울특별시,양천구,커피빈코리아오목교역사거리점,코리아오목교역사거리점,126.87625414675101,37.5241430317764,서울특별시 양천구 오목로 350,서울 양천,1,커피빈
40,서울특별시,종로구,커피빈,코리아하나은행경복궁역점,126.97330856353999,37.575358939549396,서울특별시 종로구 사직로 130,서울 종로,1,커피빈
41,서울특별시,금천구,커피빈,코리아시흥홈플러스점,126.900776713123,37.4518935872289,서울특별시 금천구 시흥대로 201,서울 금천,1,커피빈
42,서울특별시,금천구,커피빈,코리아마리오아울렛점,126.88646603159701,37.4787100009043,서울특별시 금천구 디지털로9길 23,서울 금천,1,커피빈
43,부산광역시,해운대구,커피빈,코리아부산장산역점,129.178573776255,35.169699726351,부산광역시 해운대구 세실로 48,부산 해운대,1,커피빈
44,서울특별시,중구,커피빈,코리아을지로입구역점,126.983227937665,37.566866884039605,서울특별시 중구 남대문로10길 6,서울 중구,1,커피빈
45,서울특별시,구로구,커피빈코리아구로디지털단지점,코리아구로디지털단지점,126.894088426936,37.483944598211295,서울특별시 구로구 디지털로 273,서울 구로,1,커피빈
46,서울특별시,영등포구,커피빈,코리아여의도교보증권점,126.92457332308099,37.5225024956653,서울특별시 영등포구 의사당대로 97,서울 영등포,1,커피빈
47,서울특별시,용산구,커피빈,코리아이태원제일기획옆점,126.998463192105,37.5348027710382,서울특별시 용산구 이태원로 220,서울 용산,1,커피빈
48,서울특별시,강동구,커피빈코리아천호현대백화점옆,-,127.12519757952101,37.538963301202,서울특별시 강동구 천호대로 1015-14,서울 강동,1,커피빈
49,서울특별시,종로구,커피빈,코리아세종문화회관옆점,126.97546930041901,37.5713410523375,서울특별시 종로구 새문안로9길 25,서울 종로,1,커피빈
50,서울특별시,영등포구,커피빈,코리아여의도중앙점,126.920093467271,37.5287779300589,서울특별시 영등포구 국회대로68길 17,서울 영등포,1,커피빈
51,서울특별시,서초구,커피빈코리아방배역점,코리아방배역점,126.996925642159,37.481456482557604,서울특별시 서초구 효령로 117,서울 서초,1,커피빈
52,서울특별시,강남구,커피빈,코리아압구정현대아파트점,127.026981632115,37.5317974156021,서울특별시 강남구 압구정로29길 65,서울 강남,1,커피빈
53,서울특별시,광진구,커피빈건대스타시티점,코리아건대스타시티점,127.070902015585,37.538350363970004,서울특별시 광진구 능동로 90,서울 광진,1,커피빈
54,서울특별시,서초구,커피빈,코리아강남대로점,127.028197228786,37.4956481730487,서울특별시 서초구 강남대로 369,서울 서초,1,커피빈
55,서울특별시,서대문구,커피빈,신촌역앞점,126.943118057552,37.5583692188785,서울특별시 서대문구 신촌역로 20,서울 서대문,1,커피빈
56,서울특별시,강남구,커피빈코리아역삼점,코리아역삼점,127.036502483304,37.502338961594,서울특별시 강남구 논현로 512,서울 강남,1,커피빈
57,서울특별시,강동구,커피빈,코리아천호동행복빌딩점,127.127074087312,37.5400944963541,서울특별시 강동구 구천면로 202,서울 강동,1,커피빈
58,서울특별시,강서구,커피빈,코리아강서홈플러스점,126.854800245129,37.5584556189768,서울특별시 강서구 화곡로 398,서울 강서,1,커피빈
59,서울특별시,강남구,커피빈코리아테헤란로비,-,127.045033948395,37.5029308525436,서울특별시 강남구 테헤란로 312,서울 강남,1,커피빈
60,서울특별시,중랑구,커피빈,코리아상봉엔터식스점,127.091605360196,37.5983230687909,서울특별시 중랑구 망우로 353,서울 중랑,1,커피빈
61,서울특별시,중구,커피빈코리아CBTL서울,-,126.973739611968,37.5554947274348,서울특별시 중구 한강대로 416,서울 중구,1,커피빈
62,서울특별시,강남구,커피빈코리아테헤란로하이,-,127.05314307701299,37.504735168954,서울특별시 강남구 테헤란로70길 12,서울 강남,1,커피빈
63,서울특별시,강남구,커피빈코리아역삼역4,-,127.034884401544,37.50064077948029,서울특별시 강남구 테헤란로 143,서울 강남,1,커피빈
64,서울특별시,강동구,커피빈코리아올림픽공원북,-,127.12825279632901,37.5243797641886,서울특별시 강동구 강동대로 195,서울 강동,1,커피빈
65,서울특별시,종로구,커피빈,코리아대학로마로니에점,127.00369276133999,37.5813949682234,서울특별시 종로구 대학로12길 62,서울 종로,1,커피빈
66,서울특별시,강남구,커피빈코리아압구정로데오,-,127.03899126085301,37.5261110066291,서울특별시 강남구 선릉로157길 12,서울 강남,1,커피빈
67,서울특별시,강남구,커피빈,삼성봉은사거리점,127.059466773108,37.51455313194021,서울특별시 강남구 영동대로 607,서울 강남,1,커피빈
68,서울특별시,영등포구,커피빈코리아MBC경영센터,-,126.92949134082501,37.5227183747898,서울특별시 영등포구 국제금융로 52,서울 영등포,1,커피빈
69,서울특별시,마포구,커피빈코리아상암동SBS,-,126.892752778902,37.57970364147779,서울특별시 마포구 상암산로 82,서울 마포,1,커피빈
70,서울특별시,영등포구,커피빈,타임스퀘어B1점,126.903914224263,37.517212666105706,서울특별시 영등포구 영중로 15,서울 영등포,1,커피빈
71,서울특별시,중구,커피빈,코리아남대문점,126.974027761069,37.554289834272105,서울특별시 중구 후암로 110,서울 중구,1,커피빈
72,서울특별시,영등포구,커피빈코리아여의도교보증,-,126.92457332308099,37.5225024956653,서울특별시 영등포구 의사당대로 97,서울 영등포,1,커피빈
73,서울특별시,강남구,커피빈코리아압구정에스점,코리아압구정에스점,127.036893070846,37.5282744591627,서울특별시 강남구 압구정로46길 3,서울 강남,1,커피빈
74,서울특별시,송파구,커피빈코리아올림픽공원,-,127.115776502358,37.5203493948844,서울특별시 송파구 올림픽로 424,서울 송파,1,커피빈
75,서울특별시,강남구,커피빈코리아논현동팍스타워,-,127.036664991663,37.509936177251,서울특별시 강남구 언주로 609,서울 강남,1,커피빈
76,서울특별시,영등포구,커피빈코리아여의도순복음교회옆점,코리아여의도순복음교회옆점,126.92473649335501,37.5308386325503,서울특별시 영등포구 여의서로 43,서울 영등포,1,커피빈
77,서울특별시,강남구,커피빈삼성로점,삼성로점,127.05413099802,37.5106990610071,서울특별시 강남구 삼성로 551,서울 강남,1,커피빈
78,부산광역시,중구,커피빈,코리아부산광복동점,129.029023375864,35.0994824207401,부산광역시 중구 광복로 35,부산 중구,1,커피빈
79,서울특별시,서대문구,커피빈,코리아이대역점,126.945998110077,37.5571965817685,서울특별시 서대문구 이화여대길 6,서울 서대문,1,커피빈
80,서울특별시,강남구,더커피빈앤티리프,-,127.10309432439101,37.48731103741361,서울특별시 강남구 광평로 280,서울 강남,1,커피빈
81,서울특별시,서초구,커피빈,코리아강남역GT타워옆점,127.02571695694401,37.4985381518182,서울특별시 서초구 서초대로73길 12,서울 서초,1,커피빈
82,서울특별시,중구,커피빈,코리아명동8나길점,126.98388954903,37.5614933584536,서울특별시 중구 명동8나길 20,서울 중구,1,커피빈
83,서울특별시,동대문구,커피빈코리아외대앞점,코리아외대앞점,127.06019706824,37.5960588132729,서울특별시 동대문구 이문로 106,서울 동대문,1,커피빈
84,서울특별시,강남구,커피빈,코리아영동2교사거리점,127.043232821419,37.481876594572,서울특별시 강남구 논현로 136,서울 강남,1,커피빈
85,서울특별시,종로구,커피빈코리아삼청동점,코리아삼청동점,126.981767990823,37.5851364085309,서울특별시 종로구 삼청로 109,서울 종로,1,커피빈
86,서울특별시,중구,커피빈,코리아명동나인트리호텔점,126.98598243349899,37.5615744256292,서울특별시 중구 명동8가길 20,서울 중구,1,커피빈
87,서울특별시,강남구,커피빈,코리아뉴압구정점,127.02740564206199,37.5244122928567,서울특별시 강남구 논현로167길 9,서울 강남,1,커피빈
88,서울특별시,중구,커피빈,코리아소공동삼화빌딩점,126.981148104184,37.5641548377455,서울특별시 중구 남대문로7길 16,서울 중구,1,커피빈
89,서울특별시,강남구,커피빈,코리아청담카페점,127.044408516548,37.5244880169564,서울특별시 강남구 도산대로67길 7,서울 강남,1,커피빈
90,서울특별시,영등포구,커피빈,코리아여의도역점,126.923972675103,37.521001291570286,서울특별시 영등포구 의사당대로 110,서울 영등포,1,커피빈
91,서울특별시,강남구,커피빈,코리아뉴가로수길점,127.022325923935,37.5235503948197,서울특별시 강남구 압구정로12길 6,서울 강남,1,커피빈
92,서울특별시,서초구,커피빈,코리아교대역점,127.012354946611,37.492957792054796,서울특별시 서초구 서초대로 280,서울 서초,1,커피빈
93,서울특별시,양천구,커피빈,코리아목동트라팰리스점,126.870342171311,37.5260779264084,서울특별시 양천구 오목로 299,서울 양천,1,커피빈
94,서울특별시,강남구,커피빈,코리아뉴선릉역점,127.04720966477899,37.5043811001854,서울특별시 강남구 테헤란로 327,서울 강남,1,커피빈
95,서울특별시,서초구,커피빈,코리아반포엘루체점,126.987210696283,37.501737407512,서울특별시 서초구 신반포로 23,서울 서초,1,커피빈
96,서울특별시,강남구,커피빈,코리아영동고앞점,127.039457996029,37.5214743850308,서울특별시 강남구 선릉로 749,서울 강남,1,커피빈
97,서울특별시,영등포구,더커피빈앤티리프,-,126.921944960891,37.5298400559422,서울특별시 영등포구 국회대로74길 19,서울 영등포,1,커피빈
98,서울특별시,강남구,커피빈,코리아언주로점,127.032781866655,37.523348151123,서울특별시 강남구 언주로 819,서울 강남,1,커피빈
99,서울특별시,송파구,커피빈,코리아신천역점,127.081676403989,37.5114120093593,서울특별시 송파구 올림픽로 100,서울 송파,1,커피빈
100,서울특별시,서초구,커피빈,코리아영동점,127.022803927157,37.50684884152521,서울특별시 서초구 강남대로 503,서울 서초,1,커피빈
101,서울특별시,종로구,커피빈,코리아종로YMCA점,126.985294475442,37.5705699246654,서울특별시 종로구 종로 69,서울 종로,1,커피빈
102,서울특별시,강남구,커피빈,코리아학동역점,127.03203413062,37.514673901446,서울특별시 강남구 학동로 211,서울 강남,1,커피빈
103,서울특별시,영등포구,커피빈,코리아여의도신영증권별관점,126.92968545198,37.5218010688175,서울특별시 영등포구 국제금융로8길 6,서울 영등포,1,커피빈
104,서울특별시,서초구,커피빈,코리아내방역7번출구유중아트점,126.992825964204,37.48953109657629,서울특별시 서초구 방배로 178,서울 서초,1,커피빈
105,서울특별시,강남구,커피빈,코리아압구정시티점,127.036974187175,37.5237248097997,서울특별시 강남구 도산대로49길 13,서울 강남,1,커피빈
106,서울특별시,강남구,커피빈코리아현대자동차강남오토스퀘어점,코리아현대자동차강남오토스퀘어점,127.029959127242,37.4940767955719,서울특별시 강남구 강남대로 350,서울 강남,1,커피빈
107,서울특별시,마포구,커피빈코리아홍대주차장길,-,126.922082116243,37.553322435209,서울특별시 마포구 어울마당로 94,서울 마포,1,커피빈
108,서울특별시,성북구,커피빈코리아고대안암역,-,127.029558656269,37.5869806658445,서울특별시 성북구 개운사길 8,서울 성북,1,커피빈
109,서울특별시,서초구,커피빈코리아뉴교보타워옆,-,127.024864400949,37.5023515888989,서울특별시 서초구 강남대로 449-3,서울 서초,1,커피빈
110,서울특별시,종로구,커피빈코리아세종문화회,-,126.97546930041901,37.5713410523375,서울특별시 종로구 새문안로9길 25,서울 종로,1,커피빈
111,서울특별시,동작구,커피빈코리아보라매공원,-,126.923516694716,37.4921005826931,서울특별시 동작구 보라매로5길 35,서울 동작,1,커피빈
112,서울특별시,강남구,커피빈코리아선릉로86,-,127.05051384889799,37.5033624806187,서울특별시 강남구 선릉로86길 11,서울 강남,1,커피빈
113,서울특별시,관악구,커피빈코리아서울대입구,-,126.952165618801,37.4795992772291,서울특별시 관악구 관악로 161,서울 관악,1,커피빈
114,서울특별시,강남구,커피빈코리아대치포스코,-,127.056164781276,37.50458815090521,서울특별시 강남구 삼성로85길 11,서울 강남,1,커피빈
115,서울특별시,중구,커피빈코리아동대문두타,-,127.00876107145201,37.5688771077496,서울특별시 중구 장충단로 275,서울 중구,1,커피빈
116,서울특별시,서초구,커피빈코리아서초우성아,-,127.028336934523,37.492720890857704,서울특별시 서초구 사임당로 171,서울 서초,1,커피빈
117,부산광역시,해운대구,더커피빈,-,129.132482667416,35.1698870198936,부산광역시 해운대구 센텀동로 9,부산 해운대,1,커피빈
118,서울특별시,강남구,커피빈,강남대로센터점,127.026044486533,37.5020549661299,서울특별시 강남구 강남대로 442,서울 강남,1,커피빈
119,서울특별시,강남구,커피빈코리아국기원사거,-,127.032149001631,37.496140153869206,서울특별시 강남구 테헤란로8길 42,서울 강남,1,커피빈
120,서울특별시,용산구,커피빈,코리아용산아이파크몰점,126.963222625326,37.527902979157,서울특별시 용산구 한강대로21나길 7,서울 용산,1,커피빈
121,서울특별시,중구,커피빈코리아명동성당앞,-,126.98621571950001,37.5644057026946,서울특별시 중구 명동길 73,서울 중구,1,커피빈
122,서울특별시,광진구,커피빈코리아강변테크노마트점,코리아강변테크노마트점,127.095680669092,37.535713409109995,서울특별시 광진구 광나루로56길 85,서울 광진,1,커피빈
123,서울특별시,강남구,커피빈코리아강남역먹자,-,127.027279995112,37.500100847200606,서울특별시 강남구 테헤란로1길 29,서울 강남,1,커피빈
124,서울특별시,강남구,커피빈코리아트레이드타,-,127.061012608393,37.510348492347795,서울특별시 강남구 영동대로 511,서울 강남,1,커피빈
125,서울특별시,강남구,커피빈,코리아청담점,127.040821546998,37.5254230653213,서울특별시 강남구 선릉로158길 10,서울 강남,1,커피빈
126,서울특별시,송파구,커피빈코리아CBTL잠실홈플러스점,코리아CBTL잠실홈플러스점,127.102985725638,37.5162432391894,서울특별시 송파구 올림픽로35가길 16,서울 송파,1,커피빈
127,부산광역시,동구,커피빈,부산역점,129.045081835992,35.117625470822,부산광역시 동구 중앙대로 206,부산 동구,1,커피빈
128,서울특별시,종로구,커피빈,코리아종로관철동점,126.986715259806,37.5684736910396,서울특별시 종로구 청계천로 83,서울 종로,1,커피빈
129,서울특별시,마포구,커피빈,코리아홍대역점,126.923251025422,37.555459553489705,서울특별시 마포구 홍익로6길 26,서울 마포,1,커피빈
130,부산광역시,부산진구,커피빈,코리아부산서면태화점,129.059500371307,35.1551515820862,부산광역시 부산진구 중앙대로 698-1,부산 부산진,1,커피빈
131,부산광역시,해운대구,커피빈,코리아해운대한화콘도앞점,129.145861210644,35.1540320752488,부산광역시 해운대구 마린시티3로 51,부산 해운대,1,커피빈
132,서울특별시,종로구,커피빈,광화문점,126.978841120047,37.5698024562943,서울특별시 종로구 종로 14,서울 종로,1,커피빈
133,서울특별시,강남구,커피빈,강남KTB점,127.029776927322,37.4950484396584,서울특별시 강남구 강남대로 358,서울 강남,1,커피빈
134,서울특별시,중구,커피빈,명동5호점,126.985394931198,37.5631642235302,서울특별시 중구 명동10길 15,서울 중구,1,커피빈
135,부산광역시,중구,커피빈,부산무역센터점,129.037757663565,35.1058349736802,부산광역시 중구 충장대로 11,부산 중구,1,커피빈
136,서울특별시,강남구,커피빈,수서점,127.10309432439101,37.48731103741361,서울특별시 강남구 광평로 280,서울 강남,1,커피빈
137,서울특별시,광진구,커피빈,건대스타시티점,127.072944230258,37.5369968145663,서울특별시 광진구 아차산로 262,서울 광진,1,커피빈
138,서울특별시,강남구,커피빈,강남역점,127.027611818409,37.49893220765421,서울특별시 강남구 강남대로 406,서울 강남,1,커피빈
139,서울특별시,강남구,커피빈,삼성동EXPRESS점,127.061757425653,37.5150038564702,서울특별시 강남구 봉은사로103길 6,서울 강남,1,커피빈
140,서울특별시,강동구,커피빈,천호현대백화점옆점,127.12519757952101,37.538963301202,서울특별시 강동구 천호대로 1015-14,서울 강동,1,커피빈
141,서울특별시,서대문구,커피빈,이대점,126.944632876057,37.5593018304501,서울특별시 서대문구 이화여대길 68,서울 서대문,1,커피빈
142,서울특별시,영등포구,커피빈,코리아여의도34번지점,126.92949134082501,37.5227183747898,서울특별시 영등포구 국제금융로 52,서울 영등포,1,커피빈
143,서울특별시,중구,커피빈,코리아CBTL서울스퀘어점,126.973739611968,37.5554947274348,서울특별시 중구 한강대로 416,서울 중구,1,커피빈
144,서울특별시,양천구,커피빈,코리아목동홈플러스점,126.873277717693,37.5302327290978,서울특별시 양천구 목동서로 170,서울 양천,1,커피빈
145,서울특별시,동대문구,커피빈,바우하우스점,127.07236438040199,37.571916950764496,서울특별시 동대문구 답십리로 288,서울 동대문,1,커피빈
146,서울특별시,송파구,커피빈,코리아잠실신천점,127.090004643288,37.5074307158543,서울특별시 송파구 석촌호수로 118,서울 송파,1,커피빈
147,서울특별시,용산구,커피빈,코리아동부이촌점,126.98114151849501,37.5189042817897,서울특별시 용산구 이촌로 303,서울 용산,1,커피빈
148,서울특별시,강남구,커피빈,코리아매봉역점,127.04504016855499,37.4855675353595,서울특별시 강남구 논현로38길 42,서울 강남,1,커피빈
149,서울특별시,강남구,커피빈,코리아대치도곡역점,127.05793503239401,37.492419988989504,서울특별시 강남구 남부순환로 2911,서울 강남,1,커피빈
150,서울특별시,종로구,커피빈,코리아대학로점,127.00256577337,37.581853991881296,서울특별시 종로구 대학로10길 5,서울 종로,1,커피빈
151,서울특별시,마포구,커피빈코리아홍대정문앞점,코리아홍대정문앞점,126.923486731809,37.553236136124,서울특별시 마포구 홍익로 7,서울 마포,1,커피빈
152,서울특별시,노원구,커피빈,코리아중계동은행사거리점,127.076455974647,37.6512046410954,서울특별시 노원구 한글비석로 263,서울 노원,1,커피빈
153,서울특별시,강남구,커피빈,코리아차병원점,127.034940318209,37.5068404935954,서울특별시 강남구 논현로 566,서울 강남,1,커피빈
154,서울특별시,강남구,커피빈코리아압구정로데오점,코리아압구정로데오점,127.03899126085301,37.5261110066291,서울특별시 강남구 선릉로157길 12,서울 강남,1,커피빈
155,서울특별시,강남구,커피빈,코리아논현동팍스타워점,127.036664991663,37.509936177251,서울특별시 강남구 언주로 609,서울 강남,1,커피빈
156,서울특별시,서초구,커피빈,코리아서초지파이브점,127.01639342259399,37.495442355068,서울특별시 서초구 서초중앙로24길 27,서울 서초,1,커피빈
157,서울특별시,강남구,커피빈,코리아대치포스코뒷점,127.056164781276,37.50458815090521,서울특별시 강남구 삼성로85길 11,서울 강남,1,커피빈
158,서울특별시,중구,커피빈,코리아명동점,126.984702346934,37.563320457039396,서울특별시 중구 명동8길 9,서울 중구,1,커피빈
159,서울특별시,강북구,커피빈코리아수유역점,코리아수유역점,127.02702849877899,37.6386704071897,서울특별시 강북구 도봉로 352,서울 강북,1,커피빈
160,서울특별시,종로구,커피빈,관훈점,126.98529158975501,37.574120001769096,서울특별시 종로구 인사동10길 5,서울 종로,1,커피빈
161,서울특별시,강남구,커피빈,코리아선릉로86길점,127.05051384889799,37.5033624806187,서울특별시 강남구 선릉로86길 11,서울 강남,1,커피빈
162,서울특별시,마포구,커피빈,서강대학교점,126.943045399174,37.551493628889105,서울특별시 마포구 백범로 35,서울 마포,1,커피빈
163,서울특별시,서초구,커피빈,강남역142호점,127.025310229469,37.5002468007788,서울특별시 서초구 강남대로65길 7,서울 서초,1,커피빈
164,서울특별시,종로구,커피빈,안국역점,126.98457101031201,37.5763303655404,서울특별시 종로구 율곡로 47,서울 종로,1,커피빈
165,서울특별시,서초구,커피빈,삼성전자강남사옥점,127.026895290214,37.496628616695105,서울특별시 서초구 서초대로74길 11,서울 서초,1,커피빈
166,서울특별시,강동구,커피빈,올림픽공원북2문앞,127.12825279632901,37.5243797641886,서울특별시 강동구 강동대로 195,서울 강동,1,커피빈
167,서울특별시,서초구,커피빈남부터미널점,남부터미널점,127.01556223138701,37.485532831951296,서울특별시 서초구 서초중앙로 43,서울 서초,1,커피빈
168,서울특별시,서초구,커피빈,코리아뉴교보타워옆점,127.024864400949,37.5023515888989,서울특별시 서초구 강남대로 449-3,서울 서초,1,커피빈
169,서울특별시,서초구,커피빈,코리아서초뱅뱅사거리점,127.03232143447201,37.4871580335374,서울특별시 서초구 강남대로 267,서울 서초,1,커피빈
170,서울특별시,영등포구,커피빈,여의도역점,126.924414010082,37.5202033823205,서울특별시 영등포구 의사당대로 110,서울 영등포,1,커피빈
171,서울특별시,서초구,커피빈코리아방배카페골목,-,126.985516688457,37.4957038434011,서울특별시 서초구 방배중앙로 187,서울 서초,1,커피빈
172,서울특별시,마포구,커피빈,코리아상암DDMC점,126.892884654678,37.5784434320684,서울특별시 마포구 매봉산로 75,서울 마포,1,커피빈
173,서울특별시,강남구,커피빈,압구정점,127.027900744457,37.52636263949079,서울특별시 강남구 논현로175길 6,서울 강남,1,커피빈
174,서울특별시,강남구,커피빈,-,127.05426927656299,37.50422157842621,서울특별시 강남구 삼성로85길 39,서울 강남,1,커피빈
175,서울특별시,중구,커피빈순화점,순화점,126.96976016334999,37.562569291298104,서울특별시 중구 통일로 78,서울 중구,1,커피빈
176,서울특별시,마포구,커피빈,코리아상암한국지역정보개발원점,126.888228562225,37.5824543166653,서울특별시 마포구 성암로 301,서울 마포,1,커피빈
177,서울특별시,서초구,커피빈코리아강남역142,-,127.025310229469,37.5002468007788,서울특별시 서초구 강남대로65길 7,서울 서초,1,커피빈
178,서울특별시,광진구,커피빈코리아건대스타시티,-,127.073000466164,37.5370242876028,서울특별시 광진구 아차산로 262,서울 광진,1,커피빈
179,서울특별시,강남구,커피빈코리아강남역랭기지,-,127.030074547889,37.4965196043765,서울특별시 강남구 테헤란로4길 28,서울 강남,1,커피빈
180,서울특별시,성동구,커피빈파크에비뉴엔터식스한양대점,파크에비뉴엔터식스한양대점,127.040008574127,37.557070331727,서울특별시 성동구 왕십리로 241,서울 성동,1,커피빈
181,서울특별시,성북구,커피빈코리아고대참살이길점,코리아고대참살이길점,127.029527080303,37.5850521759835,서울특별시 성북구 인촌로24길 25,서울 성북,1,커피빈
182,서울특별시,강남구,커피빈코리아포스코옆삼성로86길점,코리아포스코옆삼성로86길점,127.058286255073,37.5058755720448,서울특별시 강남구 삼성로86길 11,서울 강남,1,커피빈
183,서울특별시,강서구,커피빈,코리아강서그랜드아이파크점,126.85092558688999,37.554282228897,서울특별시 강서구 화곡로 341,서울 강서,1,커피빈
184,서울특별시,강남구,커피빈코리아삼성오크우드,-,127.056219039363,37.508364008586895,서울특별시 강남구 삼성로 518,서울 강남,1,커피빈
185,서울특별시,동대문구,커피빈장안점,장안점,127.070520095746,37.5709293133171,서울특별시 동대문구 장한로 115,서울 동대문,1,커피빈
186,서울특별시,강남구,커피빈대치동나무병원점대치동나무병원점,대치동나무병원점,127.06762057385299,37.4992547639566,서울특별시 강남구 영동대로 225,서울 강남,1,커피빈
187,서울특별시,강남구,커피빈코리아대치사거리점,코리아대치사거리점,127.05898958183901,37.50300680723979,서울특별시 강남구 삼성로 352,서울 강남,1,커피빈
188,서울특별시,서초구,커피빈예술의전당앞점,예술의전당앞점,127.01316532553001,37.481214796629295,서울특별시 서초구 반포대로 4,서울 서초,1,커피빈
189,서울특별시,서초구,커피빈,코리아잠원논현역점,127.019436303055,37.510947756462,서울특별시 서초구 신반포로47길 5,서울 서초,1,커피빈
190,서울특별시,강남구,커피빈코리아역삼동태광타워점,코리아역삼동태광타워점,127.039866719878,37.50105081302351,서울특별시 강남구 테헤란로34길 6,서울 강남,1,커피빈
191,서울특별시,서초구,커피빈,강남대로점,127.028337240378,37.4953159341662,서울특별시 서초구 강남대로 365,서울 서초,1,커피빈
192,서울특별시,마포구,커피빈,코리아홍대역8번출구점,126.925076311931,37.556818733934996,서울특별시 마포구 양화로18안길 7,서울 마포,1,커피빈
193,서울특별시,강남구,커피빈삼성역글라스타워뒷점,삼성역글라스타워뒷점,127.062874525423,37.5070834352286,서울특별시 강남구 영동대로85길 9,서울 강남,1,커피빈
194,서울특별시,송파구,커피빈,코리아송파파크하비오B1점,127.12487230133101,37.4796170833121,서울특별시 송파구 송파대로 111,서울 송파,1,커피빈
195,서울특별시,강남구,커피빈코리아도곡동지오빌딩점,코리아도곡동지오빌딩점,127.04165288247299,37.4922619966497,서울특별시 강남구 도곡로 206,서울 강남,1,커피빈
196,서울특별시,노원구,커피빈코리아노원역점,코리아노원역점,127.062397480367,37.65440053774,서울특별시 노원구 노해로 490,서울 노원,1,커피빈
197,서울특별시,영등포구,커피빈문래동점,문래동점,126.88903680220501,37.5196416290174,서울특별시 영등포구 선유로 63,서울 영등포,1,커피빈
198,서울특별시,강동구,커피빈코리아천호역점,코리아천호역점,127.123439105898,37.5403198653599,서울특별시 강동구 올림픽로 659,서울 강동,1,커피빈
199,서울특별시,서대문구,커피빈,코리아연대동문회관점,126.94331269081499,37.5630203260611,서울특별시 서대문구 성산로 515,서울 서대문,1,커피빈
200,서울특별시,서초구,커피빈코리아서초역1번출구점,코리아서초역1번출구점,127.009257830783,37.491994761973,서울특별시 서초구 서초대로 250,서울 서초,1,커피빈
201,부산광역시,해운대구,커피빈코리아해운대점,코리아해운대점,129.16158433662,35.1599035804847,부산광역시 해운대구 해운대해변로 277,부산 해운대,1,커피빈
202,서울특별시,서초구,커피빈코리아매헌역점,코리아매헌역점,127.04011850849899,37.4690022265171,서울특별시 서초구 동산로 1,서울 서초,1,커피빈
203,서울특별시,강서구,커피빈,강서그랜드아이파크점,126.85127939869899,37.5548262918983,서울특별시 강서구 화곡로 347,서울 강서,1,커피빈
204,서울특별시,마포구,커피빈,코리아합정역점,126.91505148563101,37.5488069061978,서울특별시 마포구 독막로 13,서울 마포,1,커피빈
205,서울특별시,강남구,커피빈코리아한티역디마크빌딩점,코리아한티역디마크빌딩점,127.055213389641,37.496615204091,서울특별시 강남구 도곡로 408,서울 강남,1,커피빈
206,서울특별시,서초구,커피빈,코리아신논현역2번출구점,127.023838618381,37.5046948677776,서울특별시 서초구 강남대로 475,서울 서초,1,커피빈
207,서울특별시,종로구,커피빈,코리아혜화역1번출구점,127.002135605564,37.5826973345452,서울특별시 종로구 대학로 128,서울 종로,1,커피빈
208,서울특별시,강동구,커피빈코리아강동경희대병원앞점,코리아강동경희대병원앞점,127.155957377088,37.5526489455254,서울특별시 강동구 동남로 885,서울 강동,1,커피빈
209,서울특별시,서초구,커피빈,코리아서초부띠크모나코점,127.024498668666,37.4974288106161,서울특별시 서초구 서초대로 397,서울 서초,1,커피빈
210,서울특별시,중랑구,커피빈코리아상봉역점,코리아상봉역점,127.084777091177,37.5964411963795,서울특별시 중랑구 망우로 291,서울 중랑,1,커피빈
211,서울특별시,송파구,커피빈,코리아문정역엠스테이트점,127.120997943551,37.4860489500657,서울특별시 송파구 법원로 114,서울 송파,1,커피빈
212,서울특별시,종로구,커피빈,코리아종각역점,126.98515637625401,37.569901966923105,서울특별시 종로구 종로 70,서울 종로,1,커피빈
213,서울특별시,성북구,커피빈,코리아한성대입구역점,127.007120538766,37.587568948849395,서울특별시 성북구 삼선교로 12,서울 성북,1,커피빈
214,서울특별시,송파구,커피빈코리아위례2차아이파크점,코리아위례2차아이파크점,127.14374389224501,37.478547924507,서울특별시 송파구 위례광장로 230,서울 송파,1,커피빈
215,서울특별시,강남구,커피빈코리아논현2015번지점,코리아논현2015번지점,127.026033586479,37.50550591389271,서울특별시 강남구 강남대로112길 20,서울 강남,1,커피빈
216,서울특별시,광진구,커피빈코리아구의삼성쉐르빌점,코리아구의삼성쉐르빌점,127.09494009916,37.53987961456721,서울특별시 광진구 구의강변로 106,서울 광진,1,커피빈
217,부산광역시,수영구,커피빈코리아부산수영역점,코리아부산수영역점,129.114506037609,35.1653755615451,부산광역시 수영구 수영로 667,부산 수영,1,커피빈
218,서울특별시,마포구,커피빈코리아합정푸르지오점,코리아합정푸르지오점,126.911635844887,37.55100103728871,서울특별시 마포구 월드컵로3길 14,서울 마포,1,커피빈
219,서울특별시,송파구,커피빈,코리아현대시티몰가든파이브점,127.124940952848,37.477608217824,서울특별시 송파구 충민로 66,서울 송파,1,커피빈
220,서울특별시,송파구,커피빈,몽촌토성역점,127.112751353487,37.5169207098985,서울특별시 송파구 위례성대로 2,서울 송파,1,커피빈
221,서울특별시,영등포구,커피빈,코리아여의도K타워점,126.92800618968701,37.5197765092138,서울특별시 영등포구 국제금융로8길 31,서울 영등포,1,커피빈
222,서울특별시,강북구,커피빈,코리아강북구청앞점,127.025708529718,37.639101020702206,서울특별시 강북구 한천로139길 25,서울 강북,1,커피빈
223,서울특별시,강남구,커피빈,코리아강남역12번출구점,127.029263750169,37.4988737095725,서울특별시 강남구 테헤란로 111,서울 강남,1,커피빈
224,서울특별시,마포구,커피빈,코리아동교동삼거리점,126.92650273337,37.5583724887754,서울특별시 마포구 양화로 196,서울 마포,1,커피빈
225,부산광역시,기장군,커피빈부산정관점,부산정관점,129.175653836502,35.32193300746471,부산광역시 기장군 정관읍 정관로 563,부산 기장,1,커피빈
226,서울특별시,은평구,커피빈,코리아응암동점,126.921074286152,37.6004373938409,서울특별시 은평구 은평로 121,서울 은평,1,커피빈
227,서울특별시,송파구,커피빈,코리아방이역4번출구점,127.12578093286699,37.509340841874106,서울특별시 송파구 양재대로71길 1-20,서울 송파,1,커피빈
228,서울특별시,강서구,커피빈,코이라마곡마커스빌딩점,126.833146869391,37.56000961482079,서울특별시 강서구 마곡동로 55,서울 강서,1,커피빈
229,서울특별시,강서구,커피빈코리아양천향교역점,코리아양천향교역점,126.84033038221001,37.5660902741985,서울특별시 강서구 강서로 455,서울 강서,1,커피빈
230,서울특별시,마포구,커피빈,상수역점,126.923175354186,37.5481334120258,서울특별시 마포구 와우산로10길 3,서울 마포,1,커피빈
231,서울특별시,서대문구,커피빈,연대동문회관점,126.94291681751601,37.5638006863037,서울특별시 서대문구 연세로 50,서울 서대문,1,커피빈
232,서울특별시,종로구,커피빈,종로구청앞점,126.97946957868,37.571862264086214,서울특별시 종로구 종로3길 34,서울 종로,1,커피빈
233,서울특별시,동대문구,커피빈,-,127.04264035563699,37.57959982302,서울특별시 동대문구 왕산로 175-1,서울 동대문,1,커피빈
234,부산광역시,부산진구,커피빈,코리아부산서면서전로점,129.060903273881,35.157537009274805,부산광역시 부산진구 서전로 12,부산 부산진,1,커피빈
235,서울특별시,용산구,커피빈,코리아신용산역래미안점,126.966401274358,37.52875980441471,서울특별시 용산구 한강대로 95,서울 용산,1,커피빈
236,부산광역시,부산진구,커피빈,부산서면점,129.058066826615,35.156326906245496,부산광역시 부산진구 서면로 62-1,부산 부산진,1,커피빈
237,인천광역시,연수구,커피빈,코리아인천스퀘어원1호점,126.68360882355302,37.4059827608181,인천광역시 연수구 청능대로 210,인천 연수,1,커피빈
238,울산광역시,남구,커피빈,코리아울산삼산동점,129.336798688725,35.5395324314302,울산광역시 남구 삼산로 273,울산 남구,1,커피빈
239,인천광역시,남구,커피빈스톤,-,126.679827369919,37.4624535631704,인천광역시 남구 미추홀대로 729,인천 남구,1,커피빈
240,대구광역시,동구,커피빈,KTX동대구역점,128.628726138595,35.8790975727776,대구광역시 동구 동대구로 550,대구 동구,1,커피빈
241,인천광역시,부평구,커피빈,-,126.730634152416,37.5033855967194,인천광역시 부평구 장제로 199,인천 부평,1,커피빈
242,대전광역시,동구,커피빈,-,127.43669956546302,36.3502454253977,대전광역시 동구 동서대로 1689,대전 동구,1,커피빈
243,인천광역시,부평구,커피빈,코리아부평문화의거리점,126.725597056737,37.4936542869714,인천광역시 부평구 시장로 29,인천 부평,1,커피빈
244,대구광역시,수성구,커피빈,-,128.62872818713,35.86393736005651,대구광역시 수성구 동대구로74길 25,대구 수성,1,커피빈
245,인천광역시,남동구,커피빈코리아인천구월동점,코리아인천구월동점,126.701008677583,37.44620838857749,인천광역시 남동구 예술로 138,인천 남동,1,커피빈
246,인천광역시,연수구,커피빈,코리아송도홈플러스점,126.656362175768,37.3802128549139,인천광역시 연수구 송도국제대로 165,인천 연수,1,커피빈
247,광주광역시,북구,커피빈코리아광주전남대앞,-,126.91305516185,35.1774251500705,광주광역시 북구 우치로110번길 9,광주 북구,1,커피빈
248,울산광역시,중구,울산바리스타디투커피빈,-,129.311577468363,35.5577003691453,울산광역시 중구 명륜로 70,울산 중구,1,커피빈
249,대전광역시,유성구,커피빈,코리아대전카이스트점,127.357137252959,36.3681752544551,대전광역시 유성구 대학로 291,대전 유성,1,커피빈
250,대전광역시,동구,커피빈,-,127.44033317826599,36.350028172467,대전광역시 동구 동서대로 1720,대전 동구,1,커피빈
251,울산광역시,중구,커피빈,-,129.311577468363,35.5577003691453,울산광역시 중구 명륜로 70,울산 중구,1,커피빈
252,대구광역시,중구,커피빈,코리아대구중앙로점,128.59487804868,35.869779045153706,대구광역시 중구 중앙대로 412-18,대구 중구,1,커피빈
253,대구광역시,중구,커피빈,코리아대구현대백화점점,128.590635683154,35.866636334409705,대구광역시 중구 달구벌대로 2077,대구 중구,1,커피빈
254,대전광역시,서구,커피빈,코리아대전둔산점,127.376759362967,36.3516692370579,대전광역시 서구 둔산로 26,대전 서구,1,커피빈
255,대전광역시,서구,커피빈,코리아대전탄방동점,127.38769682405199,36.346417421321995,대전광역시 서구 문정로 76,대전 서구,1,커피빈
256,광주광역시,서구,커피빈,-,126.85964497330299,35.1577887104169,광주광역시 서구 상무민주로 82,광주 서구,1,커피빈
257,대구광역시,중구,커피빈,코리아대구동성로점,128.596959526306,35.8682544996474,대구광역시 중구 동성로2길 50,대구 중구,1,커피빈
258,울산광역시,남구,커피빈,코리아울산업스퀘어점,129.33891330709298,35.541365662001,울산광역시 남구 화합로 185,울산 남구,1,커피빈
259,세종특별자치시,세종특별자치시,커피빈고대세종캠퍼스점,고대세종캠퍼스점,127.29100084253099,36.61169005387671,세종특별자치시 세종특별자치시 조치원읍 세종로 2511,세종,1,커피빈
260,인천광역시,연수구,커피빈코리아인천스퀘어원,-,126.68360882355302,37.4059827608181,인천광역시 연수구 청능대로 210,인천 연수,1,커피빈
261,광주광역시,남구,커피빈,-,126.90503999226401,35.1053858986132,광주광역시 남구 효우로93번길 5,광주 남구,1,커피빈
262,대구광역시,중구,커피빈,코리아대구롯데영플라자점,128.594746152582,35.8713930644034,대구광역시 중구 국채보상로 585,대구 중구,1,커피빈
263,인천광역시,중구,커피빈,인천국제공항2호점,126.42768975715201,37.458331260033795,인천광역시 중구 공항로 272,인천 중구,1,커피빈
264,대구광역시,수성구,더커피빈스,-,128.62990144716002,35.8358820386355,대구광역시 수성구 청수로40길 75,대구 수성,1,커피빈
265,인천광역시,연수구,커피빈,코리아송도트리플스트리트점,126.66279177352699,37.3786638613824,인천광역시 연수구 송도과학로16번길 33-4,인천 연수,1,커피빈
266,인천광역시,연수구,커피빈선학,-,126.701769398014,37.4237628853785,인천광역시 연수구 선학로68번길 7-4,인천 연수,1,커피빈
267,인천광역시,연수구,커피빈,송도트리플점,126.660941544716,37.379850320667295,인천광역시 연수구 송도과학로16번길 33-3,인천 연수,1,커피빈
268,인천광역시,중구,커피빈,영종도운서역점,126.491477637788,37.4934102770101,인천광역시 중구 신도시남로142번길 6,인천 중구,1,커피빈
269,경기도,이천시,커피빈,-,127.44768697144698,37.2767298541563,경기도 이천시 남천로 93,이천,1,커피빈
270,경기도,수원시 팔달구,커피빈,코리아수원인계점,127.032669257824,37.2649380770557,경기도 수원시 팔달구 권광로 195,수원 팔달,1,커피빈
271,경기도,고양시 일산서구,커피빈코리아일산원마운트점,코리아일산원마운트점,126.754507255359,37.6645440393554,경기도 고양시 일산서구 한류월드로 300,고양 일산서,1,커피빈
272,경기도,용인시 수지구,커피빈,코리아죽전단국대앞점,127.124881388273,37.32440680269271,경기도 용인시 수지구 죽전로168번길 18,용인 수지,1,커피빈
273,경기도,성남시 분당구,커피빈,코리아분당수내점,127.112300100363,37.378125751863706,경기도 성남시 분당구 황새울로214번길 8,성남 분당,1,커피빈
274,경기도,성남시 분당구,커피빈,코리아오리역애플플라자점,127.10680901567801,37.34032009119729,경기도 성남시 분당구 탄천상로151번길 20,성남 분당,1,커피빈
275,경기도,고양시 일산동구,커피빈,일산웨스턴돔1호점,126.772025233806,37.655888808787,경기도 고양시 일산동구 정발산로 24,고양 일산동,1,커피빈
276,경기도,수원시 팔달구,커피빈,코리아수원애경역사점,127.00008813955601,37.2656675906019,경기도 수원시 팔달구 덕영대로 924,수원 팔달,1,커피빈
277,경기도,고양시 일산서구,커피빈플로리안,-,126.757174609615,37.6826644158131,경기도 고양시 일산서구 일산로 648,고양 일산서,1,커피빈
278,경기도,구리시,커피빈,코리아구리점,127.141722418566,37.6007525514719,경기도 구리시 검배로 3,구리,1,커피빈
279,경기도,수원시 영통구,커피빈,-,127.074963402274,37.2544629657597,경기도 수원시 영통구 봉영로 1612,수원 영통,1,커피빈
280,경기도,성남시 분당구,커피빈,분당서현점,127.121534919454,37.3840607319983,경기도 성남시 분당구 분당로53번길 11,성남 분당,1,커피빈
281,경기도,안양시 만안구,커피빈,-,126.922925386073,37.394573946771494,경기도 안양시 만안구 장내로120번길 56,안양 만안,1,커피빈
282,충청북도,청주시 흥덕구,커피빈,파비뇽점,127.455569382046,36.653704747195,충청북도 청주시 흥덕구 월명로 212,청주 흥덕,1,커피빈
283,경기도,성남시 분당구,커피빈,코리아분당프라자점,127.121849966435,37.38512634443521,경기도 성남시 분당구 황새울로 326,성남 분당,1,커피빈
284,경기도,성남시 분당구,커피빈,코리아분당차병원점,127.126348801297,37.411011557245104,경기도 성남시 분당구 야탑로65번길 16,성남 분당,1,커피빈
285,경기도,군포시,커피빈컵엔,-,126.940644598971,37.3657106778261,경기도 군포시 금정로 43,군포,1,커피빈
286,경기도,고양시 일산서구,커피빈코리아일산원마운,-,126.754507255359,37.6645440393554,경기도 고양시 일산서구 한류월드로 300,고양 일산서,1,커피빈
287,경기도,고양시 일산동구,커피빈코리아일산,-,126.767529926287,37.661824637164,경기도 고양시 일산동구 무궁화로 20-11,고양 일산동,1,커피빈
288,충청북도,제천시,커피빈,-,128.20310421597,37.136041829978794,충청북도 제천시 내제로 74,제천,1,커피빈
289,경기도,고양시 일산서구,커피빈플로리안,-,126.757551519744,37.6824971962493,경기도 고양시 일산서구 일산로 646,고양 일산서,1,커피빈
290,경기도,고양시 일산동구,커피빈,-,126.78615675821399,37.6399159362023,경기도 고양시 일산동구 호수로 358-25,고양 일산동,1,커피빈
291,경기도,성남시 분당구,커피빈,코리아판교아브뉴프랑점,127.113553422281,37.3973100809843,경기도 성남시 분당구 동판교로177번길 25,성남 분당,1,커피빈
292,경기도,수원시 영통구,커피빈,코리아광교아브뉴프랑점,127.050464070999,37.291556147104295,경기도 수원시 영통구 센트럴타운로 85,수원 영통,1,커피빈
293,경기도,성남시 분당구,커피빈,코리아분당삼성시범단지앞점,127.131508838391,37.3838100124365,경기도 성남시 분당구 새마을로 8,성남 분당,1,커피빈
294,경기도,성남시 중원구,커피빈,코리아성남모란점,127.129429983272,37.4327141102454,경기도 성남시 중원구 광명로 2,성남 중원,1,커피빈
295,경기도,성남시 분당구,커피빈,코리아분당수내역점,127.116792684053,37.3792046395925,경기도 성남시 분당구 황새울로258번길 29,성남 분당,1,커피빈
296,경기도,화성시,커피빈코리아동탄라마다호,-,127.07466735993299,37.2058283696218,경기도 화성시 노작로 199,화성,1,커피빈
297,경기도,성남시 분당구,커피빈,코리아분당차병원점,127.12582430926399,37.410458024730794,경기도 성남시 분당구 야탑로 59,성남 분당,1,커피빈
298,경기도,성남시 분당구,커피빈코리아분당미금역,-,127.10734142853599,37.3496863666847,경기도 성남시 분당구 돌마로 48,성남 분당,1,커피빈
299,경기도,부천시,커피빈코리아부천중동위브,-,126.77722067504,37.501219005055795,경기도 부천시 신흥로 190,부천,1,커피빈
300,경기도,성남시 분당구,커피빈코리아분당차병원,-,127.126348801297,37.411011557245104,경기도 성남시 분당구 야탑로65번길 16,성남 분당,1,커피빈
301,경기도,연천군,커피빈,-,127.074765959875,38.099349699657004,경기도 연천군 연천읍 연천로252번길 3,연천,1,커피빈
302,경기도,화성시,커피빈,코리아동탄라마다호텔점,127.07466735993299,37.2058283696218,경기도 화성시 노작로 199,화성,1,커피빈
303,경기도,부천시,커피빈,중동롯데점,126.775299219556,37.5025326300427,경기도 부천시 길주로 300,부천,1,커피빈
304,경기도,고양시 일산서구,커피빈,코리아일산킨텍스현대백화점점,126.751616105658,37.6679823561386,경기도 고양시 일산서구 호수로 817,고양 일산서,1,커피빈
305,경기도,부천시,커피빈,코리아중동위브더스테이트점,126.77722067504,37.501219005055795,경기도 부천시 신흥로 190,부천,1,커피빈
306,충청북도,청주시 상당구,커피빈,코리아청주점,127.489295300528,36.6345321837491,충청북도 청주시 상당구 상당로69번길 20,청주 상당,1,커피빈
307,경기도,성남시 분당구,커피빈,코리아분당미금역점,127.10734142853599,37.3496863666847,경기도 성남시 분당구 돌마로 48,성남 분당,1,커피빈
308,경기도,화성시,커피빈,코리아동탄메타폴리스점,127.068937030482,37.20276477739471,경기도 화성시 동탄중앙로 200,화성,1,커피빈
309,경기도,용인시 기흥구,커피빈,코리아용인보정동점,127.10998232518699,37.3210157165361,경기도 용인시 기흥구 죽전로15번길 5,용인 기흥,1,커피빈
310,경기도,김포시,커피빈,현대프리미엄아울렛김포점,126.785052214643,37.59709717998921,경기도 김포시 고촌읍 아라육로152번길 100,김포,1,커피빈
311,경기도,고양시 일산동구,커피빈,코리아마두역점,126.776604493867,37.65308018351129,경기도 고양시 일산동구 중앙로 1193,고양 일산동,1,커피빈
312,경기도,성남시 분당구,커피빈판교알파돔시티점,판교알파돔시티점,127.10832367334,37.394495445351204,경기도 성남시 분당구 판교역로 145,성남 분당,1,커피빈
313,경기도,안양시 동안구,커피빈범계역로데오점,범계역로데오점,126.953497708509,37.3904783109627,경기도 안양시 동안구 평촌대로223번길 41,안양 동안,1,커피빈
314,경기도,수원시 영통구,커피빈코리아수원망포역점,코리아수원망포역점,127.057559372479,37.2462248784169,경기도 수원시 영통구 영통로214번길 8,수원 영통,1,커피빈
315,경기도,수원시 팔달구,커피빈,코리아수원역점,127.00271427825899,37.2674378523607,경기도 수원시 팔달구 매산로 11,수원 팔달,1,커피빈
316,충청북도,음성군,커피빈,-,127.59280383943701,36.9930177316164,충청북도 음성군 금왕읍 무극로 281,음성,1,커피빈
317,강원도,동해시,커피빈,-,129.11896272175198,37.5527153220601,강원도 동해시 일출로 107,동해,1,커피빈
318,경기도,성남시 분당구,커피빈,코리아분당정자점,127.116137334481,37.3638453394592,경기도 성남시 분당구 내정로 54,성남 분당,1,커피빈
319,경기도,이천시,커피빈,-,127.447573289736,37.2768554793855,경기도 이천시 중리천로 96-23,이천,1,커피빈
320,강원도,원주시,커피빈,코리아원주AK플라자점,127.92762594653999,37.3456790421194,강원도 원주시 봉화로 1,원주,1,커피빈
321,경기도,안양시 만안구,커피빈,코리아안양1번가점,126.921883024375,37.3995383115151,경기도 안양시 만안구 안양로304번길 12,안양 만안,1,커피빈
322,경기도,성남시 분당구,커피빈분당정자점,분당정자점,127.105590853668,37.370704376104605,경기도 성남시 분당구 정자일로 227,성남 분당,1,커피빈
323,경기도,화성시,커피빈동탄영천성산타워점,동탄영천성산타워점,127.110729773277,37.207636457182005,경기도 화성시 동탄순환대로 704,화성,1,커피빈
324,경기도,군포시,커피빈코리아산본역점,코리아산본역점,126.93097041798401,37.35849618324129,경기도 군포시 광정로 58,군포,1,커피빈
325,경기도,고양시 덕양구,커피빈코리아화정중앙공원점,코리아화정중앙공원점,126.832977996029,37.6317296001356,경기도 고양시 덕양구 화신로260번길 26,고양 덕양,1,커피빈
326,경기도,성남시 분당구,더커피빈,-,127.121849966435,37.38512634443521,경기도 성남시 분당구 황새울로 326,성남 분당,1,커피빈
327,경기도,성남시 분당구,더커피빈,-,127.121534919454,37.3840607319983,경기도 성남시 분당구 분당로53번길 11,성남 분당,1,커피빈
328,경기도,용인시 기흥구,커피빈,코리아강남대점,127.126131428473,37.2709903107511,경기도 용인시 기흥구 강남로 3,용인 기흥,1,커피빈
329,경기도,안양시 동안구,커피빈코리아평촌점,코리아평촌점,126.96695345846202,37.396642784933206,경기도 안양시 동안구 시민대로327번길 6,안양 동안,1,커피빈
330,경기도,부천시,커피빈,중동현대백화점U-PLEX점,126.760836134179,37.504463173161895,경기도 부천시 길주로 172,부천,1,커피빈
331,경기도,평택시,커피빈코리아평택소사점,코리아평택소사점,127.111485497125,37.0004656799329,경기도 평택시 평남로 862,평택,1,커피빈
332,충청북도,제천시,커피빈,-,128.224848064823,37.158206699311705,충청북도 제천시 죽하로 71-3,제천,1,커피빈
333,경기도,수원시 장안구,커피빈코리아수원송죽DT점,코리아수원송죽DT점,127.002916902617,37.3050688675503,경기도 수원시 장안구 경수대로 989,수원 장안,1,커피빈
334,경기도,파주시,커피빈코리아파주운정홈플러스점,코리아파주운정홈플러스점,126.736720328428,37.72956944403671,경기도 파주시 청암로17번길 17,파주,1,커피빈
335,경기도,성남시 수정구,커피빈,코리아성남신흥점,127.14095741033199,37.4434220812105,경기도 성남시 수정구 수정로 190,성남 수정,1,커피빈
336,경기도,수원시 권선구,커피빈코리아서수원이마트점,코리아서수원이마트점,126.970137925629,37.2826215528165,경기도 수원시 권선구 수인로 291,수원 권선,1,커피빈
337,경기도,수원시 장안구,커피빈코리아성균관대자연과학캠퍼스점,코리아성균관대자연과학캠퍼스점,126.974151781931,37.2959653937588,경기도 수원시 장안구 서부로 2066,수원 장안,1,커피빈
338,경기도,화성시,커피빈,코리아동탄능동DT점,127.05631931086599,37.2109730829945,경기도 화성시 동탄지성로 177,화성,1,커피빈
339,경기도,용인시 수지구,커피빈,수지동천점,127.091795166346,37.3359616843276,경기도 용인시 수지구 손곡로 95,용인 수지,1,커피빈
340,경기도,부천시,커피빈,부천상동점,126.754867560809,37.5063196050671,경기도 부천시 길주로 111,부천,1,커피빈
341,경기도,수원시 팔달구,커피빈,코리아수원인계DT점,127.026450891624,37.2689239866241,경기도 수원시 팔달구 인계로 79,수원 팔달,1,커피빈
342,경기도,하남시,커피빈,하남신세계백화점B1점,127.22372317625299,37.5454278745332,경기도 하남시 미사대로 750,하남,1,커피빈
343,경기도,부천시,커피빈,-,126.783475258916,37.48446123019271,경기도 부천시 부천로 4,부천,1,커피빈
344,경기도,수원시 영통구,엔에스커피빈,경희대점,127.07816566317,37.24884708282279,경기도 수원시 영통구 매영로425번길 2,수원 영통,1,커피빈
345,경상남도,창원시 성산구,커피빈,-,128.68872484085801,35.21685142846029,경상남도 창원시 성산구 원이대로 774,창원 성산,1,커피빈
346,경상남도,창원시 성산구,커피빈,-,128.695642517751,35.2243026194146,경상남도 창원시 성산구 동산로 192-1,창원 성산,1,커피빈
347,경상북도,구미시,커피빈,파머스마켓점,128.353744621874,36.1222153410592,경상북도 구미시 산업로 310,구미,1,커피빈
348,경상남도,통영시,커피빈앤산,-,128.223141606697,34.8445433855279,경상남도 통영시 사량면 진촌1길 30,통영,1,커피빈
349,충청남도,금산군,커피빈,-,127.49071672285,36.10252974085321,충청남도 금산군 금산읍 비선길 44,금산,1,커피빈
350,경상남도,창원시 성산구,커피빈,-,128.67989232265498,35.2206512324074,경상남도 창원시 성산구 상남로 73,창원 성산,1,커피빈
351,전라북도,전주시 완산구,커피빈,-,127.146357293363,35.825731369728395,전라북도 전주시 완산구 기린대로 213,전주 완산,1,커피빈
352,전라남도,해남군,커피빈스빈,-,126.314255000578,34.596123050904396,전라남도 해남군 문내면 동영길 5,해남,1,커피빈
353,경상북도,상주시,커피빈,-,128.161067328788,36.419788864695,경상북도 상주시 냉림서성길 32,상주,1,커피빈
354,경상북도,경주시,커피빈,코리아경주미탐시티점,129.28987714387,35.8345764593531,경상북도 경주시 엑스포로 80,경주,1,커피빈
355,충청남도,천안시 동남구,커피빈,코리아천안신부동점,127.15738418441002,36.81859648583379,충청남도 천안시 동남구 만남로 48,천안 동남,1,커피빈
356,경상북도,포항시 북구,커피빈,코리아포항영일대점,129.37970607116,36.061593347160795,경상북도 포항시 북구 삼호로265번길 1,포항 북구,1,커피빈
357,경상남도,창원시 진해구,커피빈,-,128.66140605103,35.1516507807941,경상남도 창원시 진해구 중원로86번길 14-1,창원 진해,1,커피빈
358,경상남도,창원시 성산구,커피빈,코리아창원상남동점,128.68081741127,35.223566613347394,경상남도 창원시 성산구 중앙대로 104,창원 성산,1,커피빈
359,경상남도,창원시 의창구,커피빈창원시티세븐점,창원시티세븐점,128.65528275005101,35.2392929604693,경상남도 창원시 의창구 원이대로 332,창원 의창,1,커피빈
360,경상남도,함안군,커피빈함안휴게소순천방면,함안휴게소순천방면,128.343858579012,35.2938073072085,경상남도 함안군 군북면 현포로 205-1,함안,1,커피빈
361,경상남도,함안군,커피빈함안휴게소부산방면,함안휴게소부산방면,128.34809010783502,35.293470693656396,경상남도 함안군 군북면 현포로 205,함안,1,커피빈
362,충청남도,서산시,커피빈,-,126.453537503972,36.7669210898577,충청남도 서산시 동서1로 158,서산,1,커피빈
363,경상남도,진주시,커피빈,진주LH본사점,128.145856034763,35.1783380588902,경상남도 진주시 충의로 19,진주,1,커피빈
364,전라북도,전주시 완산구,커피빈,-,127.08809672812599,35.8153079674875,전라북도 전주시 완산구 속거길 11-8,전주 완산,1,커피빈
365,경상남도,창원시 진해구,커피빈,-,128.806784939412,35.1004347860937,경상남도 창원시 진해구 안청남로 40,창원 진해,1,커피빈
366,전라남도,여수시,커피빈,-,127.702681880061,34.771724394243996,전라남도 여수시 대학로 18-1,여수,1,커피빈
367,전라북도,군산시,커피빈,-,126.718340130218,35.979542033030704,전라북도 군산시 미원로 126-6,군산,1,커피빈
368,경상북도,울진군,커피빈,-,129.42106615479298,37.0601263863323,경상북도 울진군 죽변면 죽변9길 1,울진,1,커피빈
